car,model,body part,shop1 (eqbal),shop2(haraj),shop3 
camry,2018,car boot,508,1400,1413.5
camry,2018,car hood,501,1455,2309.83
camry,2018,driver door(f/r),1149,1500,2679
camry,2018,fender (f/l),275,1000,1025.8
camry,2018,fender (f/r),250,1000,1025.8
camry,2018,fender (r/l),275,1350,995
camry,2018,fender (r/r),250,1350,995
camry,2018,front bumper,275,350,1368.5
camry,2018,headlight (l),599,750,2750
camry,2018,headlight (r),599,750,2750
camry,2018,passenger door (f/l),890,2200,2679
camry,2018,passenger door (r/l),960,1800,1717.95
camry,2018,passenger door (r/r),960,1800,"1717,95"
camry,2018,rear bumper,225,600,1390.35
camry,2018,rear light (l),213,150,1096
camry,2018,rear light (r),213,150,1096
camry,2018,side bumper(l),null,650,890
camry,2018,side bumper(r),null ,650,890
camry,2019,car boot,890,1705,2794.67
camry,2019,car hood,501,1224,1569
camry,2019,driver door(f/r),1100,1030,2785.51
camry,2019,fender (f/l),275,477,1231.65
camry,2019,fender (f/r),250,477,1231.65
camry,2019,fender (r/l),275,477,1086.76
camry,2019,fender (r/r),250,477,1086.76
camry,2019,front bumper,275,530,1299.5
camry,2019,headlight (l),599,450,2750
camry,2019,headlight (r),599,450,2750
camry,2019,passenger door (f/l),1050,1030,2785.51
camry,2019,passenger door (r/l),890,1030,2785.51
camry,2019,passenger door (r/r),890,1030,2785.51
camry,2019,rear bumper,225,640,1390.35
camry,2019,rear light (l),239,1200,1096
camry,2019,rear light (r),239,1200,1096
camry,2019,side bumper(l),215,670,890
camry,2019,side bumper(r),215,670,890
camry,2020,car boot,1790,1705,2717.45
camry,2020,car hood,1630,1224,2797.67
camry,2020,driver door(f/r),1110,3495,3285.38
camry,2020,fender (f/l),275,340,1025.8
camry,2020,fender (f/r),250,340,1025.8
camry,2020,fender (r/l),275,340,995
camry,2020,fender (r/r),250,340,995
camry,2020,front bumper,620,1030,1299.5
camry,2020,headlight (l),599,450,2750
camry,2020,headlight (r),599,450,2750
camry,2020,passenger door (f/l),2900,3853,2758.51
camry,2020,passenger door (r/l),1600,1637,2758.51
camry,2020,passenger door (r/r),1800,1810,2758.51
camry,2020,rear bumper,950,790,1390.35
camry,2020,rear light (l),790,1900,1096
camry,2020,rear light (r),790,1900,1096
camry,2020,side bumper(l),450,215,890
camry,2020,side bumper(r),450,215,890
camry,2021,car boot,2200,1705,2794.67
camry,2021,car hood,1630,1224,2309.83
camry,2021,driver door(f/r),1480,3459,3285.38
camry,2021,fender (f/l),650,477,1025.8
camry,2021,fender (f/r),720,477,1025.8
camry,2021,fender (r/l),650,477,1170.7
camry,2021,fender (r/r),720,477,1170.7
camry,2021,front bumper,670,800,1299.5
camry,2021,headlight (l),920,815,4109
camry,2021,headlight (r),920,815,4109
camry,2021,passenger door (f/l),2800,3459,2758.51
camry,2021,passenger door (r/l),1800,3852,2758.51
camry,2021,passenger door (r/r),1600,1637,2758.51
camry,2021,rear bumper,890,890,1390.35
camry,2021,rear light (l),1200,2800,4626
camry,2021,rear light (r),1200,2800,4626
camry,2021,side bumper(l),null  ,450,680
camry,2021,side bumper(r),null  ,450,680
camry,2022,car boot,2389,3590,5797.55
camry,2022,car hood,1630,1064,2677.37
camry,2022,driver door(f/r),2750,3853,2280.51
camry,2022,fender (f/l),484.84,610,1025.8
camry,2022,fender (f/r),484.84,610,1025.8
camry,2022,fender (r/l),484.84,834,1206.24
camry,2022,fender (r/r),484.84,834,1206.24
camry,2022,front bumper,760,930,1299.5
camry,2022,headlight (l),853,815,2209.15
camry,2022,headlight (r),853,815,2209.15
camry,2022,passenger door (f/l),1698,1500,2280.51
camry,2022,passenger door (r/l),1698,1500,2280.51
camry,2022,passenger door (r/r),1698,1500,2280.51
camry,2022,rear bumper,839,1493,1390.35
camry,2022,rear light (l),830,816,2897
camry,2022,rear light (r),830,816,2897
camry,2022,side bumper(l),null  ,450,680
camry,2022,side bumper(r),null  ,450,680
camry,2023,car boot,2800,2350,5797.55
camry,2023,car hood,1630,1060,3797.59
camry,2023,driver door(f/r),1900,3000,2280
camry,2023,fender (f/l),875,834,1025.8
camry,2023,fender (f/r),650,834,1025.8
camry,2023,fender (r/l),875,834,1260
camry,2023,fender (r/r),650,843,1260
camry,2023,front bumper,620,590,1860
camry,2023,headlight (l),930,1890,4710
camry,2023,headlight (r),930,1890,4710
camry,2023,passenger door (f/l),1800,2800,2280
camry,2023,passenger door (r/l),1800,2800,2280
camry,2023,passenger door (r/r),1800,2800,2280
camry,2023,rear bumper,750,1080,1390.35
camry,2023,rear light (l),1200,2800,4626
camry,2023,rear light (r),1200,2800,4626
camry,2023,side bumper(l),null  ,215,560
camry,2023,side bumper(r),null  ,215,560
camry,2024,car boot,1630,1705,3101
camry,2024,car hood,2300,1224,4532
camry,2024,driver door(f/r),5100,3853,4200
camry,2024,fender (f/l),650,715,1301
camry,2024,fender (f/r),875,887,1613
camry,2024,fender (r/l),650,1890,2900
camry,2024,fender (r/r),950,1700,2900
camry,2024,front bumper,650,1230,1484.13
camry,2024,headlight (l),2300,2500,3400
camry,2024,headlight (r),2300,2500,3400
camry,2024,passenger door (f/l),6200,3459,3330
camry,2024,passenger door (r/l),1800,1800,3800
camry,2024,passenger door (r/r),1940,3800,3380
camry,2024,rear bumper,890,900,918
camry,2024,rear light (l),1633,2800,4626
camry,2024,rear light (r),1633,2800,4626
camry,2024,side bumper(l),null  ,450,680
camry,2024,side bumper(r),null  ,450,680
elantra,2018,car boot,1900,1000,2532.7
elantra,2018,car hood,382,1200,2409.54
elantra,2018,driver door(f/r),1200,1350,1750.7
elantra,2018,fender (f/l),600,550,869.19
elantra,2018,fender (f/r),600,580,869.19
elantra,2018,fender (r/l),600,800,2809.4
elantra,2018,fender (r/r),600,800,2809.4
elantra,2018,front bumper,206,850,972.61
elantra,2018,headlight (l),300,230,1696.25
elantra,2018,headlight (r),276,230,1696.25
elantra,2018,passenger door (f/l),1200,1100,1750.7
elantra,2018,passenger door (r/l),1200,1100,3237
elantra,2018,passenger door (r/r),1200,1800,3237
elantra,2018,rear bumper,239,900,1265
elantra,2018,rear light (l),301,117,582
elantra,2018,rear light (r),276,117,480
elantra,2018,side bumper(l),null  ,450,680
elantra,2018,side bumper(r),null  ,450,680
elantra,2019,car boot,1554,1100,2532.7
elantra,2019,car hood,436,1200,1945.23
elantra,2019,driver door(f/r),1200,1350,1750.7
elantra,2019,fender (f/l),188,550,2500
elantra,2019,fender (f/r),380,580,2500
elantra,2019,fender (r/l),188,550,2232.15
elantra,2019,fender (r/r),480,580,2232.15
elantra,2019,front bumper,153,850,1143
elantra,2019,headlight (l),460,1200,3409.5
elantra,2019,headlight (r),460,1200,3409.5
elantra,2019,passenger door (f/l),1100,1000,1750.7
elantra,2019,passenger door (r/l),1100,1780,2800
elantra,2019,passenger door (r/r),1100,1780,2800
elantra,2019,rear bumper,239,600,1414.5
elantra,2019,rear light (l),280,120,1298
elantra,2019,rear light (r),176,120,1298
elantra,2019,side bumper(l),null  ,450,680
elantra,2019,side bumper(r),null  ,450,680
elantra,2020,car boot,1554,1200,2532.7
elantra,2020,car hood,436,1100,1945.23
elantra,2020,driver door(f/r),1400,1350,3568.27
elantra,2020,fender (f/l),188,550,1955
elantra,2020,fender (f/r),480,580,1955
elantra,2020,fender (r/l),859,288,2807
elantra,2020,fender (r/r),850,288,2807
elantra,2020,front bumper,153,283,1143
elantra,2020,headlight (l),460,320,2385.57
elantra,2020,headlight (r),460,320,2385.57
elantra,2020,passenger door (f/l),3560,2693,3568.27
elantra,2020,passenger door (r/l),3560,2693,3568.27
elantra,2020,passenger door (r/r),3560,2693,3568.27
elantra,2020,rear bumper,800,520,1414.5
elantra,2020,rear light (l),280,680,1900
elantra,2020,rear light (r),175,120,1900
elantra,2020,side bumper(l),null  ,650,860
elantra,2020,side bumper(r),null  ,650,860
elantra,2021,car boot,1554,3373,3500
elantra,2021,car hood,752,2888,3411.48
elantra,2021,driver door(f/r),814,3568,3515.48
elantra,2021,fender (f/l),413,721,2225.77
elantra,2021,fender (f/r),340,721,2225.77
elantra,2021,fender (r/l),413,890,2807
elantra,2021,fender (r/r),340,890,2807
elantra,2021,front bumper,288,550,1161
elantra,2021,headlight (l),412,1150,2385.57
elantra,2021,headlight (r),412,1150,2385.57
elantra,2021,passenger door (f/l),3586,2639,3515.48
elantra,2021,passenger door (r/l),1500,1700,3380
elantra,2021,passenger door (r/r),1500,1700,3380
elantra,2021,rear bumper,239,800,1200
elantra,2021,rear light (l),280,1250,890
elantra,2021,rear light (r),280,1250,890
elantra,2021,side bumper(l),null  ,450,680
elantra,2021,side bumper(r),null  ,450,680
elantra,2022,car boot,752,1700,3373.17
elantra,2022,car hood,3560,1600,3411.48
elantra,2022,driver door(f/r),814,1700,3515.48
elantra,2022,fender (f/l),413,900,1955
elantra,2022,fender (f/r),188,900,1955
elantra,2022,fender (r/l),413,900,2802
elantra,2022,fender (r/r),188,900,2807
elantra,2022,front bumper,288,480,1661
elantra,2022,headlight (l),302,412,2385.57
elantra,2022,headlight (r),302,412,2385.57
elantra,2022,passenger door (f/l),3560,1900,3515.48
elantra,2022,passenger door (r/l),1500,1600,3380
elantra,2022,passenger door (r/r),1500,1700,3380
elantra,2022,rear bumper,239,650,975.5
elantra,2022,rear light (l),560,1250,890
elantra,2022,rear light (r),142,1250,890
elantra,2022,side bumper(l),null  ,129,450
elantra,2022,side bumper(r),null  ,129,450
elantra,2023,car boot,645,1239,2883.58
elantra,2023,car hood,2200,1600,3339.82
elantra,2023,driver door(f/r),1700,2400,"2707,97"
elantra,2023,fender (f/l),1200,1050,1755.24
elantra,2023,fender (f/r),1200,1050,1755.24
elantra,2023,fender (r/l),1200,1050,1755.24
elantra,2023,fender (r/r),1200,1050,1755.24
elantra,2023,front bumper,288,550,632
elantra,2023,headlight (l),1200,700,2180
elantra,2023,headlight (r),1200,700,2180
elantra,2023,passenger door (f/l),1800,2500,2707.97
elantra,2023,passenger door (r/l),1500,1700,2707.97
elantra,2023,passenger door (r/r),1500,1700,2707.97
elantra,2023,rear bumper,261,460,1293
elantra,2023,rear light (l),184,390,2112
elantra,2023,rear light (r),142,390,2112
elantra,2023,side bumper(l),null  ,450,890
elantra,2023,side bumper(r),null  ,450,890
elantra,2024,car boot,3800,3500,5129.11
elantra,2024,car hood,3500,2500,6020.35
elantra,2024,driver door(f/r),3500,2706,4129.11
elantra,2024,fender (f/l),200,980,1755.35
elantra,2024,fender (f/r),200,980,1755.35
elantra,2024,fender (r/l),2500,2800,1755.35
elantra,2024,fender (r/r),2500,2800,1755.35
elantra,2024,front bumper,288,1000,1519
elantra,2024,headlight (l),516,1700,1300
elantra,2024,headlight (r),516,1700,1300
elantra,2024,passenger door (f/l),2500,3410,6587.15
elantra,2024,passenger door (r/l),3500,4500,7900.08
elantra,2024,passenger door (r/r),3500,4500,7900.08
elantra,2024,rear bumper,262,1890,1490.98
elantra,2024,rear light (l),140,400,1700
elantra,2024,rear light (r),140,400,1700
elantra,2024,side bumper(l),215,650,890
elantra,2024,side bumper(r),215,650,890
sonata,2018,car boot,1942,1401.56,"2,286.48"
sonata,2018,car hood,752.1,570,"3,041.90"
sonata,2018,driver door(f/r),1872,1872,3081
sonata,2018,fender (f/l),206.83,580,808.12
sonata,2018,fender (f/r),200.56,600,808.12
sonata,2018,fender (r/l),206.83,206.83,2308.05
sonata,2018,fender (r/r),200.56,200.56,2337.75
sonata,2018,front bumper,212.55,920,1058
sonata,2018,headlight (l),510,329,"2,662.00"
sonata,2018,headlight (r),465,329,"2,625.00"
sonata,2018,passenger door (f/l),689.43,1872,3024
sonata,2018,passenger door (r/l),2080,2080,3479
sonata,2018,passenger door (r/r),2080,2080,3411
sonata,2018,rear bumper,275.77,1315.9,1066.83
sonata,2018,rear light (l),272.52,510,"1,202"
sonata,2018,rear light (r),272.52,465,1201.79
sonata,2018,side bumper(l),112.82,616.11,616
sonata,2018,side bumper(r),112.82,616.11,616
sonata,2019,car boot,1942,1401.56,2494.76
sonata,2019,car hood,752.1,637,3031.72
sonata,2019,driver door(f/r),1872,1872,2717.87
sonata,2019,fender (f/l),206.83,580,1514.66
sonata,2019,fender (f/r),200.56,600,1514.66
sonata,2019,fender (r/l),206.83,206.83,3218.47
sonata,2019,fender (r/r),200.56,200.56,3218.47
sonata,2019,front bumper,212.55,Ā920,1024.29
sonata,2019,headlight (l),510,510,"3,205"
sonata,2019,headlight (r),465,465,"3,205"
sonata,2019,passenger door (f/l),1698,1698,2717.87
sonata,2019,passenger door (r/l),2080,2080,2877.89
sonata,2019,passenger door (r/r),2080,2080,2877.89
sonata,2019,rear bumper,275.77,1315.9,612.02
sonata,2019,rear light (l),149.5,510,1233.01
sonata,2019,rear light (r),149.5,460,1233.01
sonata,2019,side bumper(l),112.82,Ā863.95 ,863.95
sonata,2019,side bumper(r),112.82,863.95,863.95
sonata,2020,car boot,2148,2031,2494.76
sonata,2020,car hood,1242,932,3031.72
sonata,2020,driver door(f/r),2322.13,2322.13,2717.87
sonata,2020,fender (f/l),1380,"1,380.00",1514.66
sonata,2020,fender (f/r),1035,1035,1514.66
sonata,2020,fender (r/l),500,500,3218.47
sonata,2020,fender (r/r),500,500,3218.47
sonata,2020,front bumper,219.36,Ā650,1024.29
sonata,2020,headlight (l),316.11,529.65,"3,205"
sonata,2020,headlight (r),294.31,470,"3,205"
sonata,2020,passenger door (f/l),2322.13,2322.13,2717.87
sonata,2020,passenger door (r/l),600,600,2877.89
sonata,2020,passenger door (r/r),600,600,2877.89
sonata,2020,rear bumper,363.52,585,612.02
sonata,2020,rear light (l),207.1,1118,1541.86
sonata,2020,rear light (r),207.1,1118,1541.86
sonata,2020,side bumper(l),863.95,863.95,863.95
sonata,2020,side bumper(r),863.95,863.95,863.95
sonata,2021,car boot,2148,2031,2494.76
sonata,2021,car hood,501.4,932,3031.72
sonata,2021,driver door(f/r),814.78,814.78,2717.87
sonata,2021,fender (f/l),207.1,961,1514.66
sonata,2021,fender (f/r),275.77,1035,1514.66
sonata,2021,fender (r/l),207.1,207.1,3218.47
sonata,2021,fender (r/r),275.77,275.77,3218.47
sonata,2021,front bumper,219.36,650,1024.29
sonata,2021,headlight (l),316.11,322,"3,205"
sonata,2021,headlight (r),294.31,417,"3,205"
sonata,2021,passenger door (f/l),814.78,2322.13,2717.87
sonata,2021,passenger door (r/l),814.78,814.78,2877.89
sonata,2021,passenger door (r/r),814.78,814.78,2877.89
sonata,2021,rear bumper,363.52,585,612.02
sonata,2021,rear light (l),207.1,1118,1242.74
sonata,2021,rear light (r),207.1,1118,1242.74
sonata,2021,side bumper(l),null,null,863.95
sonata,2021,side bumper(r),null,null,863.95
sonata,2022,car boot,1400,1372,2494.76
sonata,2022,car hood,501.4,932,3031.72
sonata,2022,driver door(f/r),814.78,814.78,2717.87
sonata,2022,fender (f/l),207.1,961,1514.66
sonata,2022,fender (f/r),275.77,1035,1514.66
sonata,2022,fender (r/l),207.1,207.1,3218.47
sonata,2022,fender (r/r),275.77,275.77,3218.47
sonata,2022,front bumper,977.5,650,1024.29
sonata,2022,headlight (l),690,507,"3,205"
sonata,2022,headlight (r),690,507,"3,205"
sonata,2022,passenger door (f/l),814.78,2322.13,2717.87
sonata,2022,passenger door (r/l),814.78,814.78,2877.89
sonata,2022,passenger door (r/r),814.78,814.78,2877.89
sonata,2022,rear bumper,1300,1300,612.02
sonata,2022,rear light (l),716,1118,1387.5
sonata,2022,rear light (r),716,1118,1387.5
sonata,2022,side bumper(l),null,null,863.95
sonata,2022,side bumper(r),null,null,863.95
sonata,2023,car boot,900,900,2494.76
sonata,2023,car hood,800,932,3031.72
sonata,2023,driver door(f/r),1000,1000,2717.87
sonata,2023,fender (f/l),400,400,1514.66
sonata,2023,fender (f/r),400,400,1514.66
sonata,2023,fender (r/l),400,400,3218.47
sonata,2023,fender (r/r),400,400,3218.47
sonata,2023,front bumper,977.5,650,1024.29
sonata,2023,headlight (l),800,2851,"3,205"
sonata,2023,headlight (r),800,2851,"3,205"
sonata,2023,passenger door (f/l),1000,1000,2717.87
sonata,2023,passenger door (r/l),900,900,2877.89
sonata,2023,passenger door (r/r),900,900,2877.89
sonata,2023,rear bumper,1300,1300,612.02
sonata,2023,rear light (l),500,500,1869.12
sonata,2023,rear light (r),500,500,1869.12
sonata,2023,side bumper(l),null,null,1031.93
sonata,2023,side bumper(r),null,null,1031.93
sonata,2024,car boot,1000,1500,2651.97
sonata,2024,car hood,1300,2000,3461
sonata,2024,driver door(f/r),1300,1500,3079.24
sonata,2024,fender (f/l),1000,1100,2146.62
sonata,2024,fender (f/r),1000,1100,2146.62
sonata,2024,fender (r/l),1500,1100,3382.59
sonata,2024,fender (r/r),1500,1100,3382.59
sonata,2024,front bumper,1800,1800,984.32
sonata,2024,headlight (l),600,580,3205
sonata,2024,headlight (r),600,580,3205
sonata,2024,passenger door (f/l),1300,1500,3079.24
sonata,2024,passenger door (r/l),1200,1500,2963.27
sonata,2024,passenger door (r/r),1200,1500,2963.27
sonata,2024,rear bumper,1000,1000,681.88
sonata,2024,rear light (l),1800,800,1869.12
sonata,2024,rear light (r),1800,800,1869.12
sonata,2024,side bumper(l),null,null,1031.93
sonata,2024,side bumper(r),null,null,1031.93
accent,2018,car boot,894.36,Ā894.36,"1,184.01"
accent,2018,car hood,436,Ā625,1060.38
accent,2018,driver door(f/r),"1,127.00",Ā1270,"1,702.90"
accent,2018,fender (f/l),213.1,Ā260,350.64
accent,2018,fender (f/r),213.1,Ā169 ,350.64
accent,2018,fender (r/l),163.51,Ā163.51,988.73
accent,2018,fender (r/r),163.51,163.51,988.73
accent,2018,front bumper,141.7,Ā299,455.48
accent,2018,headlight (l),307.11,Ā739,"1,059.00"
accent,2018,headlight (r),181.76,Ā478,"1,059.00"
accent,2018,passenger door (f/l),1220,Ā1080,1702.9
accent,2018,passenger door (r/l),1179,Ā1179,"1,702.90"
accent,2018,passenger door (r/r),689.43,Ā1024,1702.9
accent,2018,rear bumper,207.1,Ā299,387.07
accent,2018,rear light (l),162.96,Ā264,365.04
accent,2018,rear light (r),141.7,Ā262,365.04
accent,2018,side bumper(l),null,null,171.9
accent,2018,side bumper(r),null,null,171.9
accent,2019,car boot,894.36,Ā894.36,1184.01
accent,2019,car hood,436,625,944.55
accent,2019,driver door(f/r),"1,127.00",Ā1270,1702.9
accent,2019,fender (f/l),213.1,Ā260,350.64
accent,2019,fender (f/r),213.1,Ā169 ,350.64
accent,2019,fender (r/l),163.51,163.51,988.73
accent,2019,fender (r/r),163.51,163.51,988.73
accent,2019,front bumper,141.7,Ā299,455.48
accent,2019,headlight (l),307.11,Ā739,1948
accent,2019,headlight (r),181.76,Ā478,1948
accent,2019,passenger door (f/l),"1,236.00",Ā1080,1702.9
accent,2019,passenger door (r/l),1179,Ā1179,1702.9
accent,2019,passenger door (r/r),689.43,Ā1024,1702.9
accent,2019,rear bumper,207.1,Ā299,387.07
accent,2019,rear light (l),162.96,Ā264,365.04
accent,2019,rear light (r),141.7,Ā262,365.04
accent,2019,side bumper(l),null,null,171.9
accent,2019,side bumper(r),null,null,171.9
accent,2020,car boot,894.36,Ā894.36,1184.01
accent,2020,car hood,625,Ā625,"1,070.08"
accent,2020,driver door(f/r),1127,1270,1702.9
accent,2020,fender (f/l),345,450,350.64
accent,2020,fender (f/r),345,450,350.64
accent,2020,fender (r/l),1390,1330,988.73
accent,2020,fender (r/r),1390,1330,988.73
accent,2020,front bumper,261.6,Ā299,632.82
accent,2020,headlight (l),359.71,Ā739,1948
accent,2020,headlight (r),359.66,Ā262,1948
accent,2020,passenger door (f/l),1220,Ā1080,1702.9
accent,2020,passenger door (r/l),"1,193.50",Ā1179,1702.9
accent,2020,passenger door (r/r),1024,Ā1024,1702.9
accent,2020,rear bumper,300.84,Ā299,640.18
accent,2020,rear light (l),162.96,290,1133
accent,2020,rear light (r),141.7,288,1133
accent,2020,side bumper(l),null,null,111.7
accent,2020,side bumper(r),null,null,111.7
accent,2021,car boot,1270,1350,1184.01
accent,2021,car hood,625,Ā717.31,1070.08
accent,2021,driver door(f/r),"1,575.64","Ā1,575.64 ",1702.9
accent,2021,fender (f/l),375,340,350.64
accent,2021,fender (f/r),375,340,350.64
accent,2021,fender (r/l),1470,1480,988.73
accent,2021,fender (r/r),1470,1480,988.73
accent,2021,front bumper,261.6,Ā299,632.82
accent,2021,headlight (l),359.71,Ā359.71,1948
accent,2021,headlight (r),359.66,359.66,1948
accent,2021,passenger door (f/l),1575.64,1575.64,1702.9
accent,2021,passenger door (r/l),1024,1024,1702.9
accent,2021,passenger door (r/r),1024,1024,1702.9
accent,2021,rear bumper,300.84,Ā632.50 ,640.18
accent,2021,rear light (l),261.6,773,1133
accent,2021,rear light (r),261.6,787,1133
accent,2021,side bumper(l),null,null,111.7
accent,2021,side bumper(r),null,null,111.7
accent,2022,car boot,1340,1400,1184.01
accent,2022,car hood,944.55,Ā944.55 ,1070.08
accent,2022,driver door(f/r),"1,575.64","Ā1,575.64 ",1702.9
accent,2022,fender (f/l),395,390,350.64
accent,2022,fender (f/r),395,390,350.64
accent,2022,fender (r/l),1470,1550,988.73
accent,2022,fender (r/r),1470,1550,988.73
accent,2022,front bumper,416,Ā299,632.82
accent,2022,headlight (l),794,Ā794,3256.04
accent,2022,headlight (r),794,794,3256.04
accent,2022,passenger door (f/l),1575.64,1575.64,1702.9
accent,2022,passenger door (r/l),1024,1024,1702.9
accent,2022,passenger door (r/r),1024,1024,1702.9
accent,2022,rear bumper,632.5,632.5,640.18
accent,2022,rear light (l),600,600,1133
accent,2022,rear light (r),610,610,1133
accent,2022,side bumper(l),null,null,111.7
accent,2022,side bumper(r),null,null,111.7
accent,2023,car boot,950,950,1184.01
accent,2023,car hood,1975,1975,1070.08
accent,2023,driver door(f/r),1100,1250,1702.9
accent,2023,fender (f/l),470,530,350.64
accent,2023,fender (f/r),470,530,350.64
accent,2023,fender (r/l),1380,1450,988.73
accent,2023,fender (r/r),1380,1450,988.73
accent,2023,front bumper,416,Ā416,632.82
accent,2023,headlight (l),650,650,1948
accent,2023,headlight (r),650,650,1948
accent,2023,passenger door (f/l),1100,1250,1702.9
accent,2023,passenger door (r/l),1250,1460,1702.9
accent,2023,passenger door (r/r),1250,1460,1702.9
accent,2023,rear bumper,290,270,640.18
accent,2023,rear light (l),730,680,1133
accent,2023,rear light (r),730,680,1133
accent,2023,side bumper(l),null,null,111.7
accent,2023,side bumper(r),null,null,111.7
accent,2024,car boot,1200,1200,"1,266.82"
accent,2024,car hood,1200,1200,"1,184.01"
accent,2024,driver door(f/r),1000,Ā1000,"1,594.84"
accent,2024,fender (f/l),400,400,700.07
accent,2024,fender (f/r),400,400,700.07
accent,2024,fender (r/l),400,400,1065.68
accent,2024,fender (r/r),400,400,1065.68
accent,2024,front bumper,1000,1000,690.1
accent,2024,headlight (l),2000,354,2975.58
accent,2024,headlight (r),2000,354,2975.58
accent,2024,passenger door (f/l),1000,1000,1594.84
accent,2024,passenger door (r/l),800,800,1497.95
accent,2024,passenger door (r/r),800,800,1497.95
accent,2024,rear bumper,700,700,362.68
accent,2024,rear light (l),500,500,870
accent,2024,rear light (r),500,500,870
accent,2024,side bumper(l),null,null,111.7
accent,2024,side bumper(r),null,null,111.7
tahoe,2018,car boot,2800,3400,2000
tahoe,2018,car hood,1378,1890,5961
tahoe,2018,driver door(f/r),2300,3000,2500
tahoe,2018,fender (f/l),1119,639,3430
tahoe,2018,fender (f/r),1119,639,3430
tahoe,2018,fender (r/l),2100,2700,2500
tahoe,2018,fender (r/r),2100,2700,2500
tahoe,2018,front bumper,2830,1890,3312
tahoe,2018,headlight (l),1138,615,4395.3
tahoe,2018,headlight (r),1138,615,4395.3
tahoe,2018,passenger door (f/l),3100,3400,3000
tahoe,2018,passenger door (r/l),3100,3400,3000
tahoe,2018,passenger door (r/r),3100,3400,3000
tahoe,2018,rear bumper,1680,1045,4168
tahoe,2018,rear light (l),868,492,1666
tahoe,2018,rear light (r),868,429,1666
tahoe,2018,side bumper(l),null,450,650
tahoe,2018,side bumper(r),null,450,650
tahoe,2019,car boot,2800,3500,3000
tahoe,2019,car hood,1378,1890,5961
tahoe,2019,driver door(f/r),3200,2800,3500
tahoe,2019,fender (f/l),1119,639,3430
tahoe,2019,fender (f/r),1119,639,3430
tahoe,2019,fender (r/l),2600,1900,2500
tahoe,2019,fender (r/r),2600,1900,2500
tahoe,2019,front bumper,1200,1890,3312
tahoe,2019,headlight (l),1138,615,4395.3
tahoe,2019,headlight (r),1138,615,4395.3
tahoe,2019,passenger door (f/l),2100,3500,3000
tahoe,2019,passenger door (r/l),2100,3500,3000
tahoe,2019,passenger door (r/r),2100,3500,3000
tahoe,2019,rear bumper,1680,1045,4168
tahoe,2019,rear light (l),868,492,1666
tahoe,2019,rear light (r),868,429,1666
tahoe,2019,side bumper(l),null,450,650
tahoe,2019,side bumper(r),null,450,650
tahoe,2020,car boot,2800,3200,2000
tahoe,2020,car hood,1378,1890,5961
tahoe,2020,driver door(f/r),2800,3200,3500
tahoe,2020,fender (f/l),1119,991,3430
tahoe,2020,fender (f/r),1119,991,3430
tahoe,2020,fender (r/l),2900,2100,2500
tahoe,2020,fender (r/r),2900,2100,2500
tahoe,2020,front bumper,412,2830,3312
tahoe,2020,headlight (l),1288,927,4395.3
tahoe,2020,headlight (r),1288,927,4395.3
tahoe,2020,passenger door (f/l),2500,3400,3000
tahoe,2020,passenger door (r/l),2500,3400,3000
tahoe,2020,passenger door (r/r),2500,3400,3000
tahoe,2020,rear bumper,1680,1045,4168
tahoe,2020,rear light (l),868,492,1666
tahoe,2020,rear light (r),868,492,1666
tahoe,2020,side bumper(l),null,550,600
tahoe,2020,side bumper(r),null,550,650
tahoe,2021,car boot,6000,6500,7000
tahoe,2021,car hood,1150,2600,5961
tahoe,2021,driver door(f/r),4100,5500,4300
tahoe,2021,fender (f/l),407,680,2300
tahoe,2021,fender (f/r),407,680,2300
tahoe,2021,fender (r/l),4900,5500,6000
tahoe,2021,fender (r/r),4900,5500,6000
tahoe,2021,front bumper,2060,2830,3312
tahoe,2021,headlight (l),1030,1650,1840
tahoe,2021,headlight (r),1030,1650,1840
tahoe,2021,passenger door (f/l),5350,5100,5500
tahoe,2021,passenger door (r/l),5350,5100,5500
tahoe,2021,passenger door (r/r),5350,5100,5500
tahoe,2021,rear bumper,1800,2400,4168
tahoe,2021,rear light (l),708,1400,1666
tahoe,2021,rear light (r),708,1400,1666
tahoe,2021,side bumper(l),null,470,600
tahoe,2021,side bumper(r),null,470,600
tahoe,2022,car boot,7500,8100,7000
tahoe,2022,car hood,1722,3000,5961
tahoe,2022,driver door(f/r),5000,5500,6500
tahoe,2022,fender (f/l),407,980,2000
tahoe,2022,fender (f/r),407,980,2000
tahoe,2022,fender (r/l),3200,3000,5700
tahoe,2022,fender (r/r),3200,3000,5700
tahoe,2022,front bumper,2060,2830,3312
tahoe,2022,headlight (l),1030,2700,4400
tahoe,2022,headlight (r),1030,2700,4400
tahoe,2022,passenger door (f/l),5000,5500,6500
tahoe,2022,passenger door (r/l),5000,7500,5500
tahoe,2022,passenger door (r/r),5000,7500,5500
tahoe,2022,rear bumper,3500,3200,4168
tahoe,2022,rear light (l),2500,615,1666
tahoe,2022,rear light (r),2500,615,400
tahoe,2022,side bumper(l),null,200,400
tahoe,2022,side bumper(r),null,200,400
tahoe,2023,car boot,6800,5490,7000
tahoe,2023,car hood,1722,5500,6500
tahoe,2023,driver door(f/r),5500,5000,6500
tahoe,2023,fender (f/l),407,1600,2849
tahoe,2023,fender (f/r),407,1600,2849
tahoe,2023,fender (r/l),5300,5000,5700
tahoe,2023,fender (r/r),5300,5000,5700
tahoe,2023,front bumper,2060,1150,3489
tahoe,2023,headlight (l),1030,2800,4400
tahoe,2023,headlight (r),1030,2800,4400
tahoe,2023,passenger door (f/l),4300,5000,5500
tahoe,2023,passenger door (r/l),4300,5000,5500
tahoe,2023,passenger door (r/r),4300,5000,5500
tahoe,2023,rear bumper,1940,2400,3000
tahoe,2023,rear light (l),615,1200,2210
tahoe,2023,rear light (r),615,1200,2210
tahoe,2023,side bumper(l),null,550,870
tahoe,2023,side bumper(r),null,550,870
tahoe,2024,car boot,6800,8400,7000
tahoe,2024,car hood,5600,4500,6800
tahoe,2024,driver door(f/r),5400,4890,6500
tahoe,2024,fender (f/l),407,2350,3479
tahoe,2024,fender (f/r),407,2350,3479
tahoe,2024,fender (r/l),6580,4900,5700
tahoe,2024,fender (r/r),6580,4900,5700
tahoe,2024,front bumper,603,1907,3489
tahoe,2024,headlight (l),890,2300,4400
tahoe,2024,headlight (r),890,2300,4400
tahoe,2024,passenger door (f/l),6300,6000,5500
tahoe,2024,passenger door (r/l),6300,6000,5500
tahoe,2024,passenger door (r/r),6300,6000,5500
tahoe,2024,rear bumper,830,2500,4800
tahoe,2024,rear light (l),615,1200,2210
tahoe,2024,rear light (r),615,1200,2210
tahoe,2024,side bumper(l),null,550,870
tahoe,2024,side bumper(r),null,550,870
